year,bib,rider_age,rider_weight,rider_height,rider_bmi,spec_one_day_races_frac,spec_gc_frac,spec_time_trial_frac,spec_sprint_frac,spec_climber_frac,spec_hills_frac,spec_total_points,dominant_specialty,career_points_before,seasons_as_pro_before,best_season_rank_before,prev_season_points,prev_season_rank
2025,101,27.0,75.0,1.76,24.212293388429753,0.36641358283015485,0.04776708315896455,0.009266455431338555,0.4051533448914928,0.012195851019310098,0.15920368266873916,16727.0,sprint,9397.0,8,3.0,2355.0,3.0
2025,41,,,,,0.44064613072877534,0.015151515151515152,0.014024542950162784,0.21111945905334334,0.03405960430753819,0.2849987478086652,7986.0,one_day_races,4071.0,6,7.0,1666.0,7.0
2025,228,25.0,92.0,1.95,24.194608809993426,0.2565226923920193,0.17101512826134618,0.21881166410874808,0.24402543301907476,0.00920850690638018,0.10041657531243148,4561.0,one_day_races,1656.0,6,67.0,678.0,73.0
2025,187,31.0,70.0,1.78,22.093170054286073,0.43121405254158246,0.1311985076946992,0.02969065754702316,0.172547800404166,0.0345095600808332,0.20083942173169594,6433.0,one_day_races,3444.0,11,74.0,271.0,241.0
2025,118,36.0,74.0,1.79,23.095409007209515,0.36975415942388873,0.06543332505587286,0.020735038490191208,0.19878321331015644,0.06766823938415695,0.2776260243357338,16108.0,one_day_races,9257.0,15,12.0,731.0,61.0
2025,98,30.0,74.0,1.87,21.161600274528865,0.3387376954255935,0.16560509554140126,0.03937463810075275,0.2460914881297047,0.0028951939779965257,0.20729588882455124,1727.0,one_day_races,783.0,8,305.0,119.0,488.0
2025,97,24.0,64.0,1.73,21.383941996057334,0.31835564053537285,0.10261312938177183,0.0019120458891013384,0.32887189292543023,0.010834926704907584,0.2374123645634162,3138.0,sprint,1223.0,5,96.0,433.0,152.0
2025,15,26.0,69.0,1.9,19.113573407202217,0.13351661486971073,0.3098254841023189,0.09490796079368874,0.02127659574468085,0.2623715037054745,0.17810184078412622,8366.0,gc,3154.0,7,12.0,1466.0,12.0
2025,116,25.0,70.0,1.82,21.132713440405748,0.3596340766152087,0.08004574042309891,0.05660377358490566,0.11377930245854774,0.025728987993138937,0.3642081189251001,1749.0,hills,615.0,6,183.0,212.0,292.0
2025,68,24.0,68.0,1.88,19.23947487550928,0.1875737318128195,0.19111285882815574,0.22847031065670467,0.12347620920173023,0.03578450648839953,0.23358238301219034,2543.0,hills,595.0,4,250.0,260.0,250.0
2025,177,33.0,73.0,1.84,21.561909262759922,0.32289628180039137,0.18456457925636008,0.04134050880626223,0.2266389432485323,0.025684931506849314,0.1988747553816047,8176.0,one_day_races,4401.0,13,23.0,438.0,146.0
2025,145,30.0,77.0,1.83,22.99262444384723,0.3580745912180783,0.07036560720191071,0.020209443321697593,0.19658276685651296,0.056770163512768694,0.2979974278890318,5443.0,one_day_races,2701.0,10,88.0,189.0,327.0
2025,196,26.0,70.0,1.85,20.45288531775018,0.24971098265895952,0.16878612716763006,0.05202312138728324,0.30289017341040464,0.03005780346820809,0.19653179190751446,865.0,sprint,279.0,7,528.0,74.0,644.0
2025,36,27.0,75.0,1.86,21.678806798473808,0.13333333333333333,0.2759075907590759,0.18811881188118812,0.04686468646864687,0.14125412541254126,0.2145214521452145,1515.0,gc,497.0,8,443.0,135.0,443.0
2025,207,31.0,69.0,1.89,19.31636852271773,0.2554831061055127,0.24481327800829875,0.08150563129816242,0.07765263781861292,0.13426200355660936,0.20628334321280378,3374.0,one_day_races,1772.0,12,124.0,191.0,323.0
2025,131,24.0,69.0,1.76,22.275309917355372,0.1261095806550352,0.28726660544842364,0.18625650443832262,0.013927150290786654,0.19972451790633608,0.1867156412610958,6534.0,gc,1733.0,5,69.0,689.0,69.0
2025,168,29.0,69.0,1.74,22.79032897344431,0.37467965146078935,0.19579702716555614,0.04561763198359815,0.15581752947206562,0.020502306509482315,0.20758585340850846,1951.0,one_day_races,1086.0,9,337.0,163.0,380.0
2025,1,27.0,66.0,1.76,21.306818181818183,0.2728713953806205,0.21440481071477382,0.0931255979226459,0.00984009840098401,0.2866475331419981,0.12311056443897772,36585.0,climber,18538.0,8,1.0,4588.0,1.0
2025,202,31.0,78.0,1.8,24.074074074074073,0.3526474467684191,0.03580177124552478,0.006406632749199171,0.39918974938760127,0.012624835123421895,0.1933295647258338,10614.0,sprint,6786.0,12,7.0,503.0,116.0
2025,11,29.0,58.0,1.75,18.93877551020408,0.017611447440836543,0.36906989543203084,0.13120528343423224,0.007154650522839846,0.35365987892129885,0.1212988442487617,18170.0,gc,8335.0,9,3.0,1702.0,5.0
2025,87,33.0,80.0,1.87,22.877405702193368,0.3781140695267328,0.10200585337997002,0.020272681847383824,0.16268113355699906,0.055535727032621884,0.2813905346562924,14009.0,one_day_races,7565.0,14,22.0,549.0,107.0
2025,113,34.0,72.0,1.78,22.724403484408533,0.3990204552002305,0.2149236531259003,0.040046096225871505,0.14376260443676175,0.025352924229328725,0.17689426678190723,3471.0,one_day_races,2242.0,14,177.0,224.0,282.0
2025,103,27.0,76.0,1.76,24.535123966942148,0.10525272547076313,0.0576808721506442,0.0711595639246779,0.3121902874132805,0.044598612487611496,0.4091179385530228,5045.0,hills,2763.0,8,27.0,745.0,60.0
2025,33,30.0,75.0,1.93,20.13476871862332,0.22765212708669896,0.11523963381798599,0.33521809369951533,0.0483306408185245,0.06785137318255251,0.20570813139472266,7428.0,time_trial,3914.0,9,19.0,272.0,240.0
2025,203,22.0,66.0,1.81,20.1459051921492,0.15613825983313467,0.3069129916567342,0.054231227651966626,0.011918951132300357,0.22526817640047675,0.24553039332538737,1678.0,gc,688.0,2,82.0,642.0,82.0
2025,125,37.0,72.0,1.83,21.49959688255845,0.2079549814554291,0.08632817495843459,0.004220488553523468,0.38598286225860085,0.03043867502238138,0.2850748177516306,7819.0,sprint,4456.0,15,57.0,129.0,461.0
2025,13,31.0,72.0,1.9,19.94459833795014,0.3773715551862623,0.13758482204680791,0.005885611411161889,0.060379448829801965,0.20454230715967317,0.21423625536629276,14442.0,one_day_races,7515.0,12,30.0,564.0,103.0
2025,106,30.0,75.0,1.84,22.152646502835537,0.46429509747254477,0.06983342966738479,0.06042772318848195,0.09573853186905575,0.06410593242604172,0.24559928537649098,19031.0,one_day_races,9595.0,11,8.0,1612.0,8.0
2025,224,22.0,72.0,1.84,21.266540642722116,0.41192411924119243,0.045167118337850046,0.0009033423667570009,0.4137308039747064,0.0036133694670280035,0.12466124661246612,1107.0,sprint,227.0,3,529.0,106.0,529.0
2025,221,26.0,62.0,1.76,20.015495867768596,0.15274980635166538,0.291711851278079,0.016266460108443067,0.004337722695584818,0.34082106893880715,0.1941130906274206,6455.0,climber,2043.0,4,53.0,569.0,102.0
2025,141,30.0,61.0,1.77,19.4707778735357,0.07224281418280999,0.3554094691936499,0.04867473249877614,0.004755577313098818,0.41597314497517307,0.10294426183649207,14299.0,climber,7481.0,10,16.0,1283.0,17.0
2025,7,34.0,71.0,1.82,21.434609346697258,0.26141180807274067,0.2791054862689685,0.09221601032131228,0.01916815137924679,0.1555569208085028,0.19254162314922899,16277.0,gc,9767.0,15,13.0,1007.0,32.0
2025,93,29.0,70.0,1.84,20.6758034026465,0.2192513368983957,0.21189839572192512,0.006016042780748663,0.19117647058823528,0.07085561497326204,0.30080213903743314,1496.0,hills,624.0,8,316.0,47.0,812.0
2025,222,30.0,78.0,1.83,23.291229956104985,0.481859410430839,0.08465608465608465,0.0041572184429327285,0.136432350718065,0.05366591080876795,0.23922902494331066,2646.0,one_day_races,907.0,9,72.0,684.0,72.0
2025,105,31.0,88.0,1.9,24.37673130193906,0.42355889724310775,0.12431077694235589,0.06416040100250626,0.33784461152882206,0.005012531328320802,0.045112781954887216,1995.0,one_day_races,1049.0,11,163.0,23.0,1153.0
2025,104,33.0,68.0,1.81,20.756387167668876,0.24543610547667344,0.272911672505993,0.0272911672505993,0.08261110086667896,0.16134980638023233,0.21040014751982297,5423.0,gc,2891.0,12,120.0,330.0,207.0
2025,172,31.0,71.0,1.83,21.20099137030069,0.3528846153846154,0.05576923076923077,0.025576923076923077,0.18615384615384614,0.05307692307692308,0.32653846153846156,5200.0,one_day_races,2567.0,11,101.0,147.0,423.0
2025,12,29.0,85.0,1.9,23.545706371191137,0.05585358157147365,0.09908488482171032,0.7267276743452193,0.06942253076680341,0.004733354370463868,0.044177974124329444,3169.0,time_trial,1485.0,9,176.0,362.0,184.0
2025,81,25.0,84.0,1.94,22.31905622276544,0.15690912674945792,0.03449635324265721,0.08259412576384782,0.4411590774689533,0.018135225704711218,0.2667060910703726,5073.0,sprint,2098.0,6,18.0,1281.0,18.0
2025,211,23.0,78.0,1.82,23.54788069073783,0.4952815829528158,0.06605783866057839,0.00010147133434804668,0.20801623541349568,0.019482496194824964,0.21106037544393708,9855.0,one_day_races,4511.0,4,10.0,1406.0,14.0
2025,163,33.0,59.0,1.71,20.177148524332274,0.27206291206608946,0.10366192707919612,0.022956549368496306,0.3603939947573278,0.018905393597585193,0.22201922313130512,12589.0,sprint,7491.0,14,12.0,429.0,154.0
2025,73,27.0,80.0,1.9,22.1606648199446,0.4381316998468606,0.01776416539050536,0.009341500765696785,0.34211332312404286,0.004900459418070444,0.1877488514548239,6530.0,one_day_races,2636.0,8,63.0,723.0,63.0
2025,193,23.0,73.0,1.84,21.561909262759922,0.2939670932358318,0.08007312614259597,0.019012797074954298,0.31188299817184645,0.016087751371115174,0.2789762340036563,2735.0,sprint,634.0,4,142.0,447.0,142.0
2025,112,27.0,72.0,1.75,23.510204081632654,0.23088646177292355,0.06705613411226823,0.001778003556007112,0.49860299720599444,0.00254000508001016,0.19913639827279656,3937.0,sprint,1945.0,7,125.0,258.0,254.0
2025,57,27.0,74.0,1.79,23.095409007209515,0.12895927601809956,0.12839366515837103,0.038461538461538464,0.13687782805429866,0.19400452488687783,0.3733031674208145,1768.0,hills,419.0,5,574.0,73.0,649.0
2025,52,31.0,75.0,1.84,22.152646502835537,0.16962025316455695,0.04604430379746836,0.00015822784810126583,0.5123417721518987,0.0,0.2718354430379747,6320.0,sprint,3289.0,12,99.0,502.0,117.0
2025,24,33.0,76.0,1.88,21.50294250792214,0.3895150273224044,0.012295081967213115,0.00025614754098360657,0.5428620218579235,0.00034153005464480874,0.0547301912568306,11712.0,sprint,5849.0,12,10.0,1485.0,10.0
2025,17,31.0,78.0,1.9,21.606648199445985,0.3796316645422179,0.05639312557689772,0.13634565513603797,0.10452287811524769,0.09546833106237089,0.2276383455672278,22751.0,one_day_races,13213.0,11,2.0,1428.0,13.0
2025,77,32.0,82.0,1.84,24.22022684310019,0.3014438909060204,0.0716034788482648,0.0441611078274086,0.40547158659123533,0.016718736806552392,0.16060119902051845,11843.0,sprint,6474.0,13,29.0,494.0,121.0
2025,35,29.0,67.0,1.83,20.00656932126967,0.326124667514745,0.1849196253035735,0.10304151728923326,0.03423152538452642,0.2153347981959061,0.13634786631201573,8647.0,one_day_races,4022.0,9,24.0,578.0,100.0
2025,225,31.0,74.0,1.88,20.937075599818925,0.2882937105025579,0.24646403851941018,0.0072223894071622025,0.08305747818236534,0.11074330424315378,0.2642190791453506,3323.0,one_day_races,1553.0,11,119.0,345.0,192.0
2025,153,28.0,68.0,1.84,20.085066162570886,0.2533783783783784,0.27815315315315314,0.024774774774774775,0.0007507507507507507,0.3033033033033033,0.13963963963963963,2664.0,climber,977.0,4,160.0,335.0,200.0
2025,195,23.0,69.0,1.81,21.06162815542871,0.3337145471180238,0.08005489478499543,0.003202195791399817,0.2614364135407136,0.043458371454711806,0.27813357731015553,4372.0,one_day_races,713.0,4,164.0,400.0,164.0
2025,85,25.0,65.0,1.8,20.061728395061728,0.19243344231667445,0.24661373190098085,0.11303129378794956,0.012330686595049042,0.27108827650630546,0.16450256889304063,10705.0,climber,4018.0,5,12.0,1156.0,23.0
2025,213,32.0,72.0,1.79,22.47120876377142,0.3600770218228498,0.15190415062045357,0.02738553701326487,0.23577235772357724,0.03508771929824561,0.1897732135216089,4674.0,one_day_races,2723.0,12,76.0,59.0,716.0
2025,161,33.0,59.0,1.8,18.209876543209877,0.09804392175687028,0.3988959558382335,0.02796111844473779,0.009240369614784591,0.35689427577103083,0.10896435857434297,8333.0,gc,4595.0,12,15.0,173.0,366.0
2025,204,36.0,78.0,1.8,24.074074074074073,0.3756933938477055,0.12279374684820979,0.038577912254160365,0.35047907211296014,0.01664145234493192,0.09581442259203228,3966.0,one_day_races,2144.0,16,199.0,60.0,705.0
2025,2,27.0,63.0,1.78,19.883853048857468,0.028197579326136736,0.3564932940791626,0.19600915930650964,0.0030749100425253514,0.31848217206411517,0.09774288518155054,15285.0,gc,6422.0,8,5.0,1100.0,26.0
2025,132,32.0,69.0,1.86,19.944502254595903,0.43509127789046653,0.06206896551724138,0.011764705882352941,0.28884381338742393,0.025963488843813387,0.17626774847870183,4930.0,one_day_races,2646.0,11,63.0,315.0,216.0
2025,124,32.0,70.0,1.77,22.34351559258195,0.3392285197047765,0.030288260687926474,0.0010444227823422922,0.5524996518590726,0.0026458710486004736,0.07429327391728172,14362.0,sprint,8417.0,13,16.0,826.0,52.0
2025,223,32.0,68.0,1.84,20.085066162570886,0.1693717016827641,0.14866075873742907,0.08214676889375684,0.19237279697301604,0.12227422085034352,0.2851737528626904,10043.0,hills,5185.0,13,51.0,831.0,51.0
2025,134,34.0,76.0,1.81,23.198315069747565,0.376636179418369,0.08549208609452873,0.026452708253464047,0.35500301221315517,0.01128210745385837,0.14513390656662467,18259.0,one_day_races,13145.0,15,5.0,344.0,193.0
2025,165,26.0,74.0,1.86,21.389756041160826,0.45434687636522497,0.11664482306684142,0.01747487986020096,0.2743556138051551,0.013979903888160769,0.12319790301441677,2289.0,one_day_races,724.0,5,223.0,173.0,365.0
2025,31,25.0,62.0,1.75,20.244897959183675,0.297504421300845,0.17076046374533307,0.10768323835724111,0.007860090391039498,0.30418549813322854,0.11200628807231283,5089.0,climber,1777.0,6,25.0,600.0,96.0
2025,205,26.0,77.0,1.87,22.019502988361115,0.5240449438202247,0.07595505617977528,0.0301123595505618,0.05303370786516854,0.03146067415730337,0.2853932584269663,2225.0,one_day_races,1184.0,6,84.0,108.0,526.0
2025,156,29.0,64.0,1.84,18.90359168241966,0.1709873138444567,0.3188086045228902,0.0483544769259055,0.011031439602868174,0.290126861555433,0.1606913035484464,5439.0,gc,2441.0,9,61.0,526.0,111.0
2025,21,25.0,63.0,1.71,21.545090797168363,0.21314428228339183,0.21725475706632183,0.2272769259190837,0.005542213190467393,0.23849990762978016,0.0982819139109551,21652.0,climber,11622.0,6,2.0,2889.0,2.0
2025,186,26.0,59.0,1.76,19.047004132231404,0.18906992532247116,0.2545824847250509,0.005770536320434488,0.0010183299389002036,0.33163611676849963,0.21792260692464357,2946.0,climber,631.0,3,131.0,466.0,131.0
2025,66,24.0,67.0,1.83,20.00656932126967,0.07257250036069832,0.3876785456644063,0.07170682441206175,0.002019910546818641,0.3785889482037224,0.0874332708122926,6931.0,gc,3492.0,5,19.0,1279.0,19.0
2025,107,33.0,68.0,1.73,22.720438370810918,0.4708005946060735,0.06434487152261627,0.011679762157570609,0.1720110426842217,0.07092801019324697,0.21023571883627096,4709.0,one_day_races,2169.0,12,94.0,396.0,166.0
2025,51,26.0,59.0,1.74,19.487382745408905,0.11404541631623213,0.327838519764508,0.03801513877207738,0.007232968881412952,0.3634987384356602,0.14936921783010934,5945.0,climber,2378.0,6,49.0,763.0,59.0
2025,37,33.0,71.0,1.79,22.15910864205237,0.3659231134314191,0.14570479354532512,0.05374940673943996,0.04224015187470337,0.15080683436165163,0.24157570004746085,8428.0,one_day_races,4534.0,13,29.0,238.0,272.0
2025,155,35.0,74.0,1.84,21.85727788279773,0.45416281695924443,0.15983985217123498,0.005030284365054922,0.0903398008418027,0.04321938199363515,0.2474078636690278,9741.0,one_day_races,6170.0,11,18.0,404.0,161.0
2025,191,23.0,62.0,1.73,20.715693808680545,0.052960057061340944,0.36483594864479313,0.05723965763195435,0.0014265335235378032,0.31562054208273893,0.2079172610556348,5608.0,gc,1436.0,3,37.0,938.0,37.0
2025,151,27.0,66.0,1.8,20.37037037037037,0.04798578199052133,0.3413803317535545,0.03835900473933649,0.0002962085308056872,0.4958530805687204,0.07612559241706161,6752.0,climber,1930.0,8,26.0,557.0,105.0
2025,28,25.0,64.0,1.71,21.887076365377382,0.08832188420019627,0.3145240431795878,0.18187765783447823,0.004252535165194635,0.2700359829898593,0.14098789663068367,6114.0,gc,2118.0,6,33.0,687.0,70.0
2025,23,28.0,72.0,1.85,21.0372534696859,0.2794759825327511,0.2076220722508932,0.09210003969829297,0.11194918618499404,0.08098451766574037,0.2278682016673283,2519.0,one_day_races,1303.0,9,185.0,160.0,386.0
2025,72,25.0,68.0,1.81,20.756387167668876,0.015055762081784387,0.4107806691449814,0.12323420074349442,0.0007434944237918215,0.36728624535315985,0.0828996282527881,5380.0,gc,952.0,5,74.0,676.0,74.0
2025,71,36.0,65.0,1.77,20.747550193111813,0.07262492661532617,0.2969230237939013,0.2125910833304555,0.005801705977829195,0.3024484580585005,0.1096108022239873,28957.0,climber,17135.0,12,1.0,1513.0,9.0
2025,217,24.0,63.0,1.76,20.33832644628099,0.16806943713834824,0.29037348763808524,0.027091004734350343,0.003156233561283535,0.3587585481325618,0.15255128879537086,3802.0,climber,1643.0,4,28.0,1071.0,28.0
2025,95,29.0,71.0,1.79,22.15910864205237,0.3963230160577147,0.16011170584128462,0.010821503374447289,0.01850127996276472,0.19501978124272748,0.2192227135210612,8594.0,one_day_races,4643.0,9,32.0,780.0,55.0
2025,91,32.0,55.0,1.73,18.376825152861773,0.20321309955974357,0.3233953811693829,0.0007723797018614351,0.00571560979377462,0.3271800417085039,0.1397234880667336,12947.0,climber,6961.0,12,7.0,633.0,88.0
2025,144,36.0,67.0,1.8,20.679012345679013,0.0849426063470628,0.17164078325455773,0.5292370020256584,0.013774476704929102,0.08021607022282241,0.12018906144496962,7405.0,time_trial,3500.0,16,133.0,221.0,287.0
2025,115,32.0,73.0,1.83,21.798202394816204,0.4546478873239437,0.12845070422535212,0.015211267605633802,0.18309859154929578,0.011267605633802818,0.20732394366197182,1775.0,one_day_races,989.0,12,377.0,121.0,477.0
2025,194,25.0,67.0,1.77,21.38593635289987,0.1653363740022805,0.28734321550741165,0.02280501710376283,0.17559863169897377,0.08665906499429875,0.26225769669327254,877.0,gc,388.0,4,336.0,185.0,336.0
2025,67,30.0,75.0,1.9,20.775623268698062,0.3004209720627631,0.2502870264064294,0.1488710294680444,0.08342900880214313,0.05817068503635668,0.1588212782242633,2613.0,one_day_races,1313.0,8,93.0,78.0,619.0
2025,61,39.0,71.0,1.83,21.20099137030069,0.06161937849835939,0.310557807373094,0.2636074116965837,0.0203628643119089,0.21395483497394324,0.1298977031461108,20724.0,gc,11518.0,20,9.0,454.0,137.0
2025,184,25.0,,,,0.25791324736225085,0.28604923798358733,0.13481828839390386,0.11254396248534584,0.053927315357561546,0.15474794841735054,853.0,gc,350.0,4,269.0,241.0,269.0
2025,3,28.0,65.0,1.74,21.469150482230148,0.18728195369489375,0.27418331747542024,0.00507453219156359,0.04884237234379955,0.20662860767522995,0.2779892166190929,6306.0,hills,2733.0,9,47.0,844.0,47.0
2025,44,24.0,71.0,1.85,20.74506939371804,0.361028684470821,0.09495548961424333,0.0380811078140455,0.1503461918892186,0.026211671612265085,0.3293768545994065,2022.0,one_day_races,891.0,5,164.0,262.0,248.0
2025,181,29.0,67.0,1.83,20.00656932126967,0.11348238482384825,0.3661924119241192,0.027777777777777776,0.0020325203252032522,0.3326558265582656,0.1578590785907859,2952.0,gc,1244.0,10,207.0,246.0,264.0
2025,158,23.0,72.0,1.85,21.0372534696859,0.30774365821094796,0.19759679572763686,0.009345794392523364,0.0794392523364486,0.11548731642189586,0.2903871829105474,1498.0,one_day_races,332.0,4,280.0,229.0,280.0
2025,183,28.0,62.0,1.7,21.453287197231838,0.3241215949467035,0.25700750098697195,0.005527043031977891,0.025266482431898933,0.1002763521515989,0.2878010264508488,2533.0,one_day_races,756.0,5,129.0,473.0,129.0
2025,54,32.0,67.0,1.9,18.559556786703602,0.09239690721649485,0.39664948453608245,0.040721649484536084,0.004381443298969072,0.326159793814433,0.13969072164948454,7760.0,gc,4190.0,12,52.0,234.0,275.0
2025,162,30.0,63.0,1.78,19.883853048857468,0.2993417615714136,0.11524396614773796,0.0314491693657925,0.04325566816424616,0.21439765959669835,0.2963117751541114,9571.0,one_day_races,3861.0,10,42.0,883.0,42.0
2025,114,27.0,61.0,1.74,20.147971991015986,0.44093462509159,0.1269233900512904,0.027761947406985264,0.006268826833835383,0.19360091182935765,0.2045102987869413,12283.0,one_day_races,6789.0,8,4.0,2041.0,4.0
2025,212,24.0,61.0,1.77,19.4707778735357,0.3130747700919632,0.24710115953618553,0.023190723710515795,0.08556577369052379,0.062375049980008,0.2686925229908037,2501.0,one_day_races,847.0,3,66.0,695.0,66.0
2025,166,33.0,64.0,1.81,19.53542321662953,0.20129043984005815,0.2599054889131225,0.05461650308978553,0.01272264631043257,0.2588149763722283,0.21264994547437296,11004.0,gc,6223.0,13,37.0,346.0,191.0
2025,218,27.0,79.0,1.91,21.655108138483047,0.31855575868372943,0.23811700182815357,0.12842778793418647,0.0712979890310786,0.031078610603290677,0.21252285191956125,2188.0,one_day_races,998.0,7,185.0,222.0,285.0
2025,63,28.0,74.0,1.84,21.85727788279773,0.035926660059464814,0.23389494549058473,0.4962834489593657,0.007185332011892963,0.13627353815659068,0.09043607532210109,4036.0,time_trial,1542.0,9,125.0,300.0,224.0
2025,58,26.0,75.0,1.84,22.152646502835537,0.2460757156048015,0.1258079409048938,0.11542012927054478,0.05863342566943675,0.0865650969529086,0.3674976915974146,4332.0,hills,1352.0,7,83.0,297.0,226.0
2025,214,26.0,70.0,1.86,20.23355301190889,0.1884498480243161,0.44680851063829785,0.02127659574468085,0.1458966565349544,0.0,0.19756838905775076,329.0,gc,151.0,5,732.0,49.0,792.0
2025,32,29.0,70.0,1.75,22.857142857142858,0.29987557030277895,0.10597262546661136,0.005806719203649938,0.12712567399419328,0.1281625881377022,0.3330568228950643,4822.0,hills,2120.0,9,89.0,631.0,89.0
2025,127,33.0,78.1,1.9,21.634349030470915,0.4045643153526971,0.15283540802213003,0.09059474412171507,0.2842323651452282,0.015214384508990318,0.05255878284923928,1446.0,one_day_races,746.0,13,505.0,76.0,631.0
2025,78,,,,,0.11704519029532594,0.3082706766917293,0.0951864196573909,0.0048058290055034494,0.34260910006976203,0.13208278428028836,12901.0,climber,6419.0,10,5.0,1181.0,21.0
2025,157,29.0,77.0,1.83,22.99262444384723,0.04532304725168756,0.48987463837994216,0.12246865959498554,0.04628736740597879,0.20057859209257473,0.09546769527483125,1037.0,gc,487.0,9,410.0,152.0,410.0
2025,192,34.0,61.0,1.83,18.21493624772313,0.22690464386051892,0.2595438770451165,0.008263097008758883,0.008593620889109237,0.33225913072219465,0.16443563047430176,12102.0,climber,6886.0,14,40.0,306.0,219.0
2025,56,31.0,71.0,1.86,20.522603769221874,0.2856386732533521,0.20871559633027523,0.031051517290049402,0.06457304163726182,0.14502470007057164,0.26499647141848975,11336.0,one_day_races,6703.0,12,12.0,637.0,84.0
2025,34,24.0,64.0,1.83,19.1107527844964,0.22496617050067658,0.24526387009472259,0.030446549391069014,0.0016914749661705007,0.27604871447902574,0.2215832205683356,2956.0,climber,813.0,3,67.0,694.0,67.0
2025,138,32.0,60.0,1.65,22.03856749311295,0.34483294483294485,0.11204351204351204,0.014607614607614608,0.16456876456876457,0.0693084693084693,0.29463869463869463,6435.0,one_day_races,2812.0,12,118.0,455.0,136.0
2025,27,33.0,83.0,1.9,22.991689750692522,0.49514563106796117,0.07928802588996764,0.019417475728155338,0.34951456310679613,0.0,0.05663430420711974,2472.0,one_day_races,1497.0,13,174.0,50.0,780.0
2025,86,34.0,72.0,1.81,21.97735111870822,0.3789317873442704,0.13667201184161837,0.04897002590354015,0.07968422351054644,0.1897125940545208,0.1660293573455039,8107.0,one_day_races,4246.0,15,45.0,867.0,45.0
2025,88,34.0,72.0,1.83,21.49959688255845,0.40705267740531126,0.10390364243215788,0.019010303294151792,0.3201277028007546,0.003773037295022493,0.14613263677260194,6891.0,one_day_races,4427.0,14,37.0,113.0,509.0
2025,43,25.0,68.0,1.84,20.085066162570886,0.4152046783625731,0.05555555555555555,0.005847953216374269,0.2046783625730994,0.05555555555555555,0.2631578947368421,1368.0,one_day_races,471.0,4,229.0,294.0,229.0
2025,75,23.0,74.0,1.85,21.62162162162162,0.3635678391959799,0.09597989949748743,0.05150753768844221,0.1708542713567839,0.031155778894472363,0.28693467336683415,3980.0,one_day_races,1218.0,4,62.0,723.0,62.0
2025,82,31.0,60.0,1.65,22.03856749311295,0.3271428571428571,0.08244897959183674,0.006530612244897959,0.27040816326530615,0.01673469387755102,0.296734693877551,4900.0,one_day_races,2854.0,11,71.0,284.0,233.0
2025,22,35.0,67.0,1.84,19.78969754253308,0.1141732283464567,0.23228346456692914,0.3328958880139983,0.02857976086322543,0.18285214348206474,0.10921551472732575,6858.0,time_trial,3105.0,15,51.0,200.0,312.0
2025,14,34.0,68.0,1.73,22.720438370810918,0.1094789356984479,0.1471729490022173,0.5037416851441242,0.043930155210643015,0.06873614190687362,0.12694013303769403,7216.0,time_trial,3454.0,12,121.0,330.0,206.0
2025,16,31.0,61.0,1.82,18.41565028378215,0.030019445794846864,0.3721438988818668,0.040228488089450655,0.004375303840544483,0.47812348079727757,0.07510938259601362,8228.0,climber,3931.0,9,21.0,479.0,128.0
2025,74,31.0,71.0,1.8,21.91358024691358,0.3548683968341616,0.18626909626357446,0.11154058531198233,0.04417448923246825,0.1630774894165286,0.14006994294128475,5433.0,one_day_races,3522.0,11,34.0,58.0,725.0
2025,76,25.0,74.0,1.9,20.498614958448755,0.22840236686390533,0.2195266272189349,0.15325443786982249,0.15502958579881657,0.06627218934911243,0.17751479289940827,1690.0,one_day_races,581.0,5,299.0,145.0,424.0
2025,164,36.0,60.0,1.73,20.04744562130375,0.13360175695461202,0.30124450951683746,0.15870110855469566,0.008052708638360176,0.2680401589625601,0.13035975737293454,19124.0,gc,9460.0,16,11.0,457.0,135.0
2025,6,32.0,68.0,1.86,19.65545149728292,0.035486160397444996,0.33120416370948663,0.09179086822805772,0.003785190442394133,0.3799384906553111,0.1577951265673054,8454.0,climber,4003.0,10,61.0,500.0,118.0
2025,53,35.0,83.0,1.94,22.053353172494422,0.121256038647343,0.2985507246376812,0.3473429951690821,0.2111111111111111,0.003864734299516908,0.017874396135265702,2070.0,time_trial,982.0,13,204.0,42.0,853.0
2025,4,31.0,80.0,1.92,21.70138888888889,0.33846369105918567,0.15293129984608927,0.19644606128445502,0.08311179515880789,0.021827340142717224,0.20721981250874494,7147.0,one_day_races,3780.0,11,68.0,651.0,79.0
2025,227,26.0,72.0,1.86,20.811654526534856,0.10252324037184594,0.33067729083665337,0.18671978751660026,0.0010624169986719787,0.24276228419654713,0.1362549800796813,3765.0,gc,1532.0,7,103.0,216.0,289.0
2025,226,26.0,1.76,,,0.1372867587327376,0.42242079610073113,0.025182778229082048,0.022745735174654752,0.255889520714866,0.1364744110479285,1231.0,gc,234.0,4,560.0,32.0,961.0
2025,96,33.0,62.0,1.79,19.350207546580943,0.1807488727700451,0.21603607135855715,0.02391687904332484,0.05606743775730249,0.21270339149186435,0.3105273475789061,5101.0,hills,2376.0,12,129.0,419.0,156.0
2025,171,28.0,63.0,1.8,19.444444444444443,0.038340336134453784,0.3085609243697479,0.09611344537815127,0.0031512605042016808,0.3230042016806723,0.23082983193277312,3808.0,climber,814.0,6,232.0,287.0,232.0
2025,152,31.0,72.0,1.9,19.94459833795014,0.03365129835718071,0.21674615792262852,0.5567037625861155,0.0013248542660307366,0.12162162162162163,0.06995230524642289,3774.0,time_trial,1184.0,9,218.0,207.0,300.0
2025,215,26.0,68.0,1.79,21.22280827689523,0.5806451612903226,0.3225806451612903,0.02903225806451613,0.0,0.0064516129032258064,0.06129032258064516,310.0,one_day_races,179.0,4,646.0,74.0,646.0
2025,136,24.0,68.0,1.76,21.952479338842977,0.2588522588522589,0.21123321123321123,0.0,0.05616605616605617,0.12332112332112333,0.3504273504273504,819.0,hills,239.0,3,522.0,108.0,522.0
2025,62,26.0,68.0,1.9,18.83656509695291,0.009452595936794582,0.34353837471783294,0.23377539503386005,0.0039503386004514675,0.32294018058690743,0.0863431151241535,7088.0,gc,2186.0,6,26.0,560.0,104.0
2025,46,27.0,82.0,1.97,21.12911953412868,0.38334529791816224,0.25771715721464467,0.10696338837042355,0.05168700646087581,0.03948312993539124,0.16080402010050251,1393.0,one_day_races,685.0,7,394.0,157.0,394.0
2025,216,34.0,59.0,1.73,19.713321527615356,0.14547738693467338,0.43417085427135677,0.10552763819095477,0.03442211055276382,0.20100502512562815,0.07939698492462312,3980.0,gc,2361.0,15,137.0,154.0,404.0
2025,48,28.0,70.0,1.81,21.36686914318855,0.34380875637926406,0.20225624496373892,0.0,0.016921837228041903,0.20601665323663712,0.230996508192318,3723.0,one_day_races,1729.0,7,106.0,386.0,168.0
2025,146,31.0,64.0,1.8,19.753086419753085,0.19622555707139608,0.2755798090040928,0.048658481127785355,0.0904956798544793,0.2739881764438381,0.11505229649840837,4398.0,gc,2062.0,12,129.0,190.0,326.0
2025,167,30.0,68.0,1.79,21.22280827689523,0.1320973348783314,0.22479721900347624,0.27184241019698724,0.05979142526071842,0.0611819235225956,0.25028968713789107,4315.0,time_trial,1696.0,9,58.0,136.0,442.0
2025,148,27.0,56.0,1.64,20.820939916716245,0.05050743450554638,0.386594288411612,0.015105027141845645,0.0018881283927307056,0.45621902289355676,0.08968609865470852,4237.0,climber,1887.0,7,48.0,480.0,127.0
2025,137,30.0,59.0,1.78,18.621386188612547,0.11370830289749209,0.4100316532748965,0.02678354029705381,0.0004869734599464329,0.3316289262235208,0.11736060384709034,4107.0,gc,1733.0,9,109.0,452.0,139.0
2025,198,25.0,70.0,1.78,22.093170054286073,0.1211139896373057,0.3160621761658031,0.04792746113989637,0.01683937823834197,0.2661917098445596,0.23186528497409326,1544.0,gc,527.0,2,155.0,428.0,155.0
2025,84,24.0,73.0,1.85,21.32943754565376,0.26777847702957835,0.1617369414726243,0.01195720578980491,0.02737570799244808,0.23851478917558214,0.29263687853996223,3178.0,hills,1089.0,5,174.0,269.0,243.0
2025,197,26.0,70.0,1.87,20.0177299894192,0.21428571428571427,0.75,0.0,0.0,0.0,0.03571428571428571,140.0,gc,50.0,2,1012.0,30.0,1012.0
2025,176,28.0,57.0,1.66,20.685150239512268,0.14623047595621694,0.3203787971959169,0.01598819333415324,0.009592916000491945,0.3319394908375354,0.17587012667568563,8131.0,climber,4189.0,9,18.0,363.0,183.0
2025,174,27.0,61.0,1.8,18.827160493827158,0.23931926963304379,0.1935826981031732,0.01542279737635171,0.005318205991845418,0.3199787271760326,0.22637830171955328,5641.0,climber,1875.0,7,103.0,492.0,123.0
2025,45,26.0,83.0,1.93,22.28247738194314,0.5201938610662359,0.053850296176628974,0.0010770059235325794,0.27140549273021003,0.008616047388260635,0.14485729671513192,1857.0,one_day_races,653.0,5,188.0,355.0,188.0
2025,143,24.0,74.0,1.83,22.096807907073963,0.031788079470198675,0.30242825607064017,0.14525386313465782,0.0,0.37218543046357616,0.14834437086092717,2265.0,climber,592.0,2,157.0,418.0,157.0
2025,135,24.0,67.0,1.75,21.877551020408163,0.055220883534136546,0.23744979919678716,0.22238955823293172,0.004016064257028112,0.23493975903614459,0.2459839357429719,1992.0,hills,428.0,4,307.0,203.0,307.0
2025,94,99.0,,,,0.0,1.0,0.0,0.0,0.0,0.0,3.0,gc,3.0,1,873.0,0.0,
2025,133,23.0,64.0,1.76,20.66115702479339,0.20577231427044362,0.33137359700694813,0.10261892036344201,0.012827365045430252,0.16034206306787813,0.18706574024585784,1871.0,gc,584.0,4,213.0,320.0,213.0
2025,25,24.0,52.0,1.78,16.41206918318394,0.05568233683249658,0.3400273847558193,0.00045641259698767686,0.00730260155180283,0.45504335919671385,0.14148790506617984,2191.0,climber,609.0,5,134.0,458.0,134.0
2025,185,27.0,1.76,,,0.38908790300358226,0.10085422981537613,0.014053458252962248,0.22926426012675669,0.03912923670432626,0.2276109120969964,3629.0,one_day_races,948.0,3,54.0,800.0,54.0
2025,117,28.0,63.0,1.77,20.109164033323754,0.1525503041647169,0.3458118858212447,0.026360942130712838,0.0,0.3818437061300889,0.09343316175323663,6411.0,climber,2521.0,9,75.0,673.0,75.0
2025,122,29.0,57.0,1.7,19.723183391003463,0.08511160166789306,0.38238901152808435,0.07382879568310032,0.016188373804267846,0.2913907284768212,0.1510914888398332,4077.0,gc,2230.0,10,136.0,376.0,174.0
2025,5,28.0,70.0,1.88,19.805341783612494,0.18675179569034317,0.35488161745144986,0.06730513434424049,0.003458366586858207,0.28385208832136205,0.10375099760574621,7518.0,gc,4017.0,9,55.0,694.0,68.0
2025,8,33.0,58.0,1.73,19.37919743392696,0.12834946036471903,0.34438965388909565,0.06187197618161518,0.006047636769631559,0.360160029772981,0.09918124302195758,21496.0,climber,11882.0,12,8.0,1342.0,16.0
2025,108,23.0,69.0,1.89,19.31636852271773,0.3252720677146312,0.12454655380894801,0.036275695284159616,0.026602176541717048,0.35308343409915355,0.13422007255139057,827.0,climber,54.0,3,1079.0,26.0,1095.0
2025,208,26.0,66.0,1.79,20.598608033457133,0.20120572720422006,0.17784476262245666,0.010550113036925395,0.20422004521477016,0.05576488319517709,0.35041446872645066,2654.0,hills,1112.0,7,160.0,155.0,399.0
2025,206,,,,,0.20986585893552576,0.28048463868455215,0.09701427953266983,0.03028991778450887,0.23799221116399827,0.14435309389874512,11555.0,gc,7319.0,14,22.0,343.0,194.0
2025,121,30.0,67.0,1.88,18.956541421457676,0.07755340942347089,0.38893766461808604,0.07121256462784119,0.0051702272948980586,0.35703833772314897,0.10008779631255488,10251.0,gc,5228.0,10,6.0,1695.0,6.0
2025,128,26.0,70.0,1.87,20.0177299894192,0.22045454545454546,0.21282467532467533,0.13506493506493505,0.000974025974025974,0.20811688311688312,0.22256493506493508,6160.0,hills,1872.0,6,67.0,417.0,158.0
2025,38,26.0,73.0,1.82,22.03840115928028,0.2307119821384272,0.12205408087323245,0.03001736541801042,0.2515504837509303,0.047630860828578515,0.31803522699082115,4031.0,hills,1633.0,7,81.0,646.0,81.0
2025,123,34.0,78.0,1.87,22.305470559638533,0.1654010001852195,0.2502315243563623,0.44545286164104464,0.052602333765512134,0.018892387479162807,0.06741989257269865,5399.0,time_trial,3546.0,15,63.0,66.0,677.0
2025,18,33.0,58.0,1.72,19.60519199567334,0.07060157555502507,0.3553950823585581,0.0725113392217713,0.0023872045834328003,0.387264263547386,0.11184053473382669,16756.0,climber,9620.0,14,5.0,714.0,64.0
2025,65,24.0,63.0,1.79,19.66230766829999,0.19910897875257025,0.1453050034270048,0.01439342015078821,0.0592871830020562,0.14941740918437285,0.43248800548320765,2918.0,hills,919.0,4,148.0,435.0,148.0
2025,102,35.0,75.0,1.83,22.395413419331717,0.30203592814371255,0.24,0.1259880239520958,0.1341317365269461,0.07089820359281437,0.12694610778443113,4175.0,one_day_races,2824.0,15,78.0,65.0,685.0
2025,201,39.0,62.0,1.75,20.244897959183675,0.2688180917794652,0.1914823374050842,0.003301419610432486,0.014361175305381314,0.37388577088147906,0.14815120501815782,12116.0,climber,6874.0,12,17.0,397.0,165.0
2025,178,30.0,59.0,1.7,20.41522491349481,0.37242941791565004,0.09724642732659464,0.00958522133147438,0.03590101080515859,0.19379574764726384,0.2910421749738585,5738.0,one_day_races,2247.0,11,127.0,377.0,173.0
2025,26,31.0,71.0,1.83,21.20099137030069,0.15272313108303998,0.2306895837647546,0.2069786705322013,0.017601987989231724,0.20459722509836406,0.18740940153240837,9658.0,gc,4761.0,12,16.0,434.0,150.0
2025,126,25.0,72.0,1.81,21.97735111870822,0.07061755746330656,0.3018554417058986,0.2484076433121019,0.006369426751592357,0.24591525893104405,0.12683467183605648,3611.0,gc,1030.0,5,158.0,334.0,202.0
2025,175,,,,,0.408762228838792,0.09059974478945129,0.2403232666950234,0.15525308379413016,0.016163334751169715,0.08889834113143344,2351.0,one_day_races,1092.0,6,177.0,249.0,257.0
2025,173,30.0,83.0,1.94,22.053353172494422,0.23110200364298725,0.13479052823315119,0.07194899817850638,0.34153005464480873,0.008879781420765027,0.21174863387978143,4392.0,sprint,2164.0,9,103.0,181.0,350.0
2025,111,33.0,62.0,1.73,20.715693808680545,0.30707697687633867,0.13034925908117323,0.06368842068453032,0.03072955370022293,0.2455741574507147,0.22258163220702015,22877.0,one_day_races,12935.0,13,3.0,909.0,38.0
2025,47,24.0,77.0,1.97,19.840758586925713,0.23796033994334279,0.36827195467422097,0.15864022662889518,0.14730878186968838,0.028328611898016998,0.059490084985835696,353.0,gc,167.0,4,498.0,116.0,498.0
2025,42,25.0,68.0,1.84,20.085066162570886,0.3578485181119649,0.19923161361141603,0.0005488474204171241,0.0021953896816684962,0.17453347969264543,0.265642151481888,1822.0,one_day_races,528.0,5,261.0,188.0,332.0
2025,147,22.0,75.0,1.93,20.13476871862332,0.12041884816753927,0.2793907663017611,0.27796287482151355,0.02617801047120419,0.1418372203712518,0.15421227986673014,2101.0,gc,285.0,3,359.0,177.0,359.0
2025,142,29.0,61.0,1.8,18.827160493827158,0.034703196347031964,0.29178082191780824,0.36027397260273974,0.0,0.14063926940639268,0.1726027397260274,2190.0,time_trial,673.0,9,238.0,191.0,322.0
2025,182,27.0,61.0,1.68,21.612811791383223,0.2782033426183844,0.18906685236768803,0.009749303621169917,0.006963788300835654,0.20821727019498606,0.30779944289693595,2872.0,hills,1556.0,8,120.0,372.0,177.0
2025,188,24.0,1.71,,,0.2853236098450319,0.16955332725615316,0.0009115770282588879,0.0018231540565177757,0.2105742935278031,0.3318140382862352,1097.0,hills,229.0,3,406.0,153.0,406.0
2025,83,23.0,64.0,1.76,20.66115702479339,0.26258858634837745,0.12831033196568445,0.02834763148079075,0.0731070496083551,0.23051100335695637,0.2771353972398359,2681.0,hills,1113.0,4,80.0,647.0,80.0
2025,92,24.0,75.0,1.87,21.447567845806283,0.3980384143849612,0.15079689415610953,0.004495300367797303,0.12219043727012668,0.03841438496117695,0.28606456885982834,2447.0,one_day_races,679.0,5,204.0,154.0,400.0
2025,55,22.0,52.0,1.68,18.42403628117914,0.21870771312584575,0.24813937753721244,0.04956021650879567,0.0006765899864682003,0.37872124492557513,0.10419485791610285,5912.0,climber,1484.0,3,50.0,834.0,50.0
2026,11,31.0,,,,0.0,0.0,0.0,0.0,0.0,0.0,1.0,one_day_races,0.0,0,,0.0,
2026,84,30.0,83.0,1.93,22.28247738194314,0.11639131241878596,0.1026545387042881,0.6007054018934472,0.033599405977352885,0.03211434935956933,0.11453499164655652,10774.0,time_trial,5901.0,11,13.0,956.0,35.0
2026,1,28.0,66.0,1.76,21.306818181818183,0.2728713953806205,0.21440481071477382,0.0931255979226459,0.00984009840098401,0.2866475331419981,0.12311056443897772,36585.0,climber,23459.0,9,1.0,4921.0,1.0
2026,31,24.0,65.0,1.83,19.409358296754156,0.1468491260349586,0.27426402943882244,0.1498390064397424,0.0013799448022079118,0.31853725850965964,0.10913063477460902,8696.0,climber,4680.0,5,12.0,1414.0,12.0
2026,21,26.0,63.0,1.71,21.545090797168363,0.21314428228339183,0.21725475706632183,0.2272769259190837,0.005542213190467393,0.23849990762978016,0.0982819139109551,21652.0,climber,13546.0,7,2.0,1924.0,6.0
2026,2,23.0,64.0,1.8,19.753086419753085,0.2390721373022258,0.2652185572539555,0.06167873424510593,0.00013408420488066506,0.29525341914722447,0.13864306784660768,7458.0,climber,3661.0,3,2.0,2755.0,2.0
2026,18,24.0,61.0,1.74,20.147971991015986,0.13910149750415973,0.37470881863560734,0.034608985024958405,0.0,0.33610648918469216,0.11547420965058236,3005.0,gc,1285.0,5,83.0,606.0,83.0
2026,25,26.0,68.0,1.81,20.756387167668876,0.015055762081784387,0.4107806691449814,0.12323420074349442,0.0007434944237918215,0.36728624535315985,0.0828996282527881,5380.0,gc,2125.0,6,23.0,1173.0,23.0
2026,83,29.0,74.0,1.84,21.85727788279773,0.035926660059464814,0.23389494549058473,0.4962834489593657,0.007185332011892963,0.13627353815659068,0.09043607532210109,4036.0,time_trial,1726.0,10,125.0,184.0,342.0
2026,51,20.0,64.0,1.86,18.499248468030984,0.3012994862496222,0.15321849501359927,0.09610154125113328,0.0006044122091266244,0.3750377757630704,0.07373828951344817,3309.0,climber,544.0,1,99.0,544.0,99.0
2026,101,31.0,75.0,1.84,22.152646502835537,0.46429509747254477,0.06983342966738479,0.06042772318848195,0.09573853186905575,0.06410593242604172,0.24559928537649098,19031.0,one_day_races,11216.0,12,8.0,1621.0,8.0
2026,181,23.0,64.0,1.76,20.66115702479339,0.2840822543792841,0.15552170601675552,0.046306169078446306,0.010814927646610815,0.22239146991622238,0.2808834729626809,6565.0,one_day_races,2800.0,4,28.0,1108.0,28.0
2026,77,25.0,62.0,1.82,18.717546190073662,0.05059303187546331,0.31319495922905854,0.18365455893254262,0.00037064492216456633,0.27575982209043737,0.17642698295033357,5396.0,gc,2092.0,6,44.0,630.0,78.0
2026,58,24.0,55.0,1.72,18.591130340724717,0.0546429768689239,0.4173650687227623,0.056654374790479384,0.0026818638954073082,0.4156889037881328,0.05296681193429433,2983.0,gc,1119.0,4,87.0,593.0,87.0
2026,71,23.0,52.0,1.68,18.42403628117914,0.21870771312584575,0.24813937753721244,0.04956021650879567,0.0006765899864682003,0.37872124492557513,0.10419485791610285,5912.0,climber,2541.0,4,31.0,1057.0,31.0
2026,115,36.0,72.0,1.78,22.724403484408533,0.3403661439947459,0.03579344881372629,0.06994499630572203,0.1295460142845415,0.09949922009687218,0.3248501765043921,24362.0,one_day_races,14452.0,17,8.0,841.0,45.0
2026,43,25.0,64.0,1.83,19.1107527844964,0.22496617050067658,0.24526387009472259,0.030446549391069014,0.0016914749661705007,0.27604871447902574,0.2215832205683356,2956.0,climber,1068.0,4,67.0,255.0,251.0
2026,171,27.0,58.0,1.7,20.06920415224914,0.3221665347753451,0.1469269322078607,0.013101204607403499,0.034643453794073686,0.26299129517277764,0.22017057944253934,11373.0,one_day_races,5592.0,8,7.0,1855.0,7.0
2026,97,26.0,64.0,1.71,21.887076365377382,0.08832188420019627,0.3145240431795878,0.18187765783447823,0.004252535165194635,0.2700359829898593,0.14098789663068367,6114.0,gc,2786.0,7,33.0,668.0,71.0
2026,121,27.0,62.0,1.76,20.015495867768596,0.15274980635166538,0.291711851278079,0.016266460108443067,0.004337722695584818,0.34082106893880715,0.1941130906274206,6455.0,climber,2780.0,5,53.0,737.0,58.0
2026,82,27.0,68.0,1.9,18.83656509695291,0.009452595936794582,0.34353837471783294,0.23377539503386005,0.0039503386004514675,0.32294018058690743,0.0863431151241535,7088.0,gc,3171.0,7,26.0,985.0,34.0
2026,201,27.0,59.0,1.76,19.047004132231404,0.18906992532247116,0.2545824847250509,0.005770536320434488,0.0010183299389002036,0.33163611676849963,0.21792260692464357,2946.0,climber,1265.0,4,77.0,634.0,77.0
2026,37,24.0,75.0,1.88,21.22000905387053,0.18361332154435603,0.20748600058944885,0.2661361626878868,0.05688181550250516,0.1066902446212791,0.17919245505452402,3393.0,time_trial,1561.0,5,65.0,461.0,127.0
2026,224,27.0,63.0,1.84,18.608223062381853,0.24010217113665389,0.20242656449553,0.08301404853128991,0.06385696040868455,0.10153256704980843,0.3090676883780332,1566.0,hills,645.0,8,283.0,229.0,283.0
2026,198,28.0,56.0,,,0.05805243445692884,0.3899812734082397,0.09316479400749064,0.008895131086142321,0.2893258426966292,0.1605805243445693,2136.0,gc,900.0,8,230.0,260.0,246.0
2026,88,25.0,69.0,1.76,22.275309917355372,0.1261095806550352,0.28726660544842364,0.18625650443832262,0.013927150290786654,0.19972451790633608,0.1867156412610958,6534.0,gc,3064.0,6,16.0,1331.0,16.0
2026,133,36.0,58.0,1.81,17.70397729007051,0.09922737306843267,0.40353200883002205,0.030463576158940398,0.006181015452538631,0.3368653421633554,0.12373068432671082,9060.0,gc,5195.0,17,31.0,105.0,525.0
2026,161,34.0,89.0,1.87,25.45111384369012,0.5238095238095238,0.03968253968253968,0.14285714285714285,0.2777777777777778,0.015873015873015872,0.0,126.0,one_day_races,97.0,4,829.0,0.0,
2026,144,25.0,67.0,1.75,21.877551020408163,0.055220883534136546,0.23744979919678716,0.22238955823293172,0.004016064257028112,0.23493975903614459,0.2459839357429719,1992.0,hills,704.0,5,233.0,276.0,233.0
2026,191,34.0,62.0,1.73,20.715693808680545,0.30707697687633867,0.13034925908117323,0.06368842068453032,0.03072955370022293,0.2455741574507147,0.22258163220702015,22877.0,one_day_races,13715.0,14,3.0,780.0,52.0
2026,127,31.0,63.0,1.81,19.230182228869694,0.060649474689589304,0.4579751671442216,0.008118433619866285,0.023400191021967526,0.3314231136580707,0.11843361986628462,2094.0,gc,1233.0,7,192.0,328.0,192.0
2026,46,25.0,70.0,1.89,19.59631589261219,0.15502055196711687,0.2501467997651204,0.07105108631826189,0.0,0.357017028772754,0.16676453317674692,1703.0,climber,682.0,6,237.0,113.0,500.0
2026,35,26.0,65.0,1.8,20.061728395061728,0.19243344231667445,0.24661373190098085,0.11303129378794956,0.012330686595049042,0.27108827650630546,0.16450256889304063,10705.0,climber,5123.0,6,12.0,1105.0,29.0
2026,156,25.0,63.0,1.76,20.33832644628099,0.16806943713834824,0.29037348763808524,0.027091004734350343,0.003156233561283535,0.3587585481325618,0.15255128879537086,3802.0,climber,1998.0,5,28.0,355.0,181.0
2026,41,33.0,62.0,1.7,21.453287197231838,0.10160663194189715,0.32558139534883723,0.04291688063971829,0.013865453745139755,0.38104321032939625,0.13498642799501137,13631.0,climber,8343.0,12,11.0,785.0,50.0
2026,228,34.0,,,,0.0,0.0,0.0,0.0,0.0,0.0,1.0,one_day_races,0.0,0,,0.0,
2026,142,25.0,74.0,1.83,22.096807907073963,0.031788079470198675,0.30242825607064017,0.14525386313465782,0.0,0.37218543046357616,0.14834437086092717,2265.0,climber,1007.0,3,149.0,415.0,149.0
2026,143,30.0,61.0,1.7,21.107266435986162,0.1875737318128195,0.3079040503342509,0.09555642941407787,0.0,0.25639009044435707,0.1525756979944947,2543.0,gc,1220.0,10,115.0,170.0,361.0
2026,222,26.0,61.0,1.79,19.038107424861895,0.02883506343713956,0.4209919261822376,0.14878892733564014,0.0,0.28835063437139563,0.11303344867358708,867.0,gc,393.0,4,258.0,251.0,258.0
2026,141,23.0,68.0,1.85,19.86851716581446,0.07703792176769185,0.4186324275903255,0.026276500447894893,0.0,0.3941475067184234,0.08390564347566437,3349.0,gc,1589.0,4,84.0,600.0,84.0
2026,215,22.0,1.76,,,0.06451612903225806,0.27741935483870966,0.07741935483870968,0.06451612903225806,0.2,0.3161290322580645,155.0,hills,11.0,2,1572.0,10.0,1572.0
2026,117,26.0,72.0,1.81,21.97735111870822,0.07061755746330656,0.3018554417058986,0.2484076433121019,0.006369426751592357,0.24591525893104405,0.12683467183605648,3611.0,gc,1546.0,6,107.0,516.0,107.0
2026,17,32.0,61.0,1.82,18.41565028378215,0.030019445794846864,0.3721438988818668,0.040228488089450655,0.004375303840544483,0.47812348079727757,0.07510938259601362,8228.0,climber,4458.0,10,21.0,527.0,105.0
2026,56,30.0,64.0,1.84,18.90359168241966,0.1709873138444567,0.3188086045228902,0.0483544769259055,0.011031439602868174,0.290126861555433,0.1606913035484464,5439.0,gc,2980.0,10,61.0,539.0,100.0
2026,32,,,,,0.0,0.0,0.0,0.0,0.0,0.0,1.0,one_day_races,2.0,1,811.0,0.0,
2026,28,27.0,63.0,1.74,20.808561236623067,0.35040944581984385,0.10112359550561797,0.022281470196153112,0.013711673966863454,0.2727099600076176,0.23976385450390403,5251.0,one_day_races,2710.0,7,22.0,374.0,173.0
2026,95,34.0,74.0,1.89,20.71610537219003,0.32894736842105265,0.1822790922259778,0.1654997585707388,0.07460164171897633,0.064461612747465,0.18421052631578946,8284.0,one_day_races,4787.0,15,39.0,158.0,387.0
2026,206,25.0,68.0,1.76,21.952479338842977,0.2588522588522589,0.21123321123321123,0.0,0.05616605616605617,0.12332112332112333,0.3504273504273504,819.0,hills,349.0,4,510.0,110.0,510.0
2026,45,26.0,67.0,1.87,19.159827275586945,0.0776,0.2464,0.0784,0.0056,0.2944,0.2976,1250.0,hills,503.0,7,392.0,46.0,853.0
2026,85,30.0,74.0,1.89,20.71610537219003,0.28629346639638237,0.09184469047247779,0.08186496179635117,0.04787151099329487,0.13753313581786994,0.3545922345236239,6413.0,hills,2891.0,10,66.0,689.0,66.0
2026,153,25.0,61.0,1.77,19.4707778735357,0.3130747700919632,0.24710115953618553,0.023190723710515795,0.08556577369052379,0.062375049980008,0.2686925229908037,2501.0,one_day_races,1208.0,4,66.0,361.0,177.0
2026,108,24.0,69.0,1.89,19.31636852271773,0.3252720677146312,0.12454655380894801,0.036275695284159616,0.026602176541717048,0.35308343409915355,0.13422007255139057,827.0,climber,138.0,4,601.0,84.0,601.0
2026,87,22.0,78.0,1.94,20.724837921139336,0.07730560578661845,0.07956600361663653,0.798372513562387,0.018535262206148283,0.012658227848101266,0.013562386980108499,2212.0,time_trial,1322.0,3,113.0,355.0,182.0
2026,61,55.0,,,,0.0,0.0,0.0,0.0,0.0,0.0,1.0,one_day_races,0.0,0,,0.0,
2026,24,30.0,60.0,1.75,19.591836734693878,0.056571851538542876,0.40403933594163055,0.019033520143808817,0.008882309400444115,0.4140848049064185,0.09738817806915512,9457.0,climber,5332.0,11,21.0,714.0,61.0
2026,194,28.0,61.0,1.74,20.147971991015986,0.44093462509159,0.1269233900512904,0.027761947406985264,0.006268826833835383,0.19360091182935765,0.2045102987869413,12283.0,one_day_races,7545.0,9,4.0,756.0,54.0
2026,4,28.0,69.0,1.83,20.603780345785182,0.1307985497815376,0.2856744445477364,0.23398717114437112,0.005577763316909919,0.22422608533977875,0.11973598586966626,10757.0,gc,5767.0,9,15.0,1338.0,15.0
2026,183,27.0,50.0,1.63,18.818924310286427,0.24763705103969755,0.19281663516068054,0.04253308128544423,0.02835538752362949,0.32986767485822305,0.15879017013232513,1058.0,climber,314.0,5,413.0,148.0,413.0
2026,16,27.0,69.0,1.9,19.113573407202217,0.13351661486971073,0.3098254841023189,0.09490796079368874,0.02127659574468085,0.2623715037054745,0.17810184078412622,8366.0,gc,4281.0,8,12.0,1127.0,26.0
2026,218,26.0,70.0,1.78,22.093170054286073,0.1211139896373057,0.3160621761658031,0.04792746113989637,0.01683937823834197,0.2661917098445596,0.23186528497409326,1544.0,gc,849.0,3,155.0,322.0,196.0
2026,145,25.0,78.0,1.91,21.380992845590857,0.07407407407407407,0.2777777777777778,0.12268518518518519,0.046296296296296294,0.13425925925925927,0.3449074074074074,432.0,hills,205.0,5,743.0,42.0,884.0
2026,146,37.0,67.0,1.8,20.679012345679013,0.0849426063470628,0.17164078325455773,0.5292370020256584,0.013774476704929102,0.08021607022282241,0.12018906144496962,7405.0,time_trial,3560.0,17,133.0,60.0,727.0
2026,208,25.0,1.71,,,0.2853236098450319,0.16955332725615316,0.0009115770282588879,0.0018231540565177757,0.2105742935278031,0.3318140382862352,1097.0,hills,462.0,4,280.0,233.0,280.0
2026,202,26.0,1.75,,,0.2034313725490196,0.2867647058823529,0.00980392156862745,0.004901960784313725,0.2181372549019608,0.2769607843137255,816.0,gc,293.0,2,316.0,201.0,316.0
2026,166,34.0,78.0,1.94,20.724837921139336,0.21057754704737183,0.16353017521090202,0.2517845554834523,0.1745619727449708,0.04218040233614536,0.1573653471771577,3082.0,time_trial,1418.0,15,242.0,47.0,842.0
2026,102,24.0,66.0,1.79,20.598608033457133,0.16594360086767895,0.11062906724511931,0.01843817787418655,0.052060737527114966,0.3926247288503254,0.2603036876355748,922.0,climber,167.0,5,531.0,104.0,531.0
2026,174,31.0,62.0,1.74,20.478266613819528,0.28154281978644585,0.17084332098496405,0.020047940727827413,0.049901939420353016,0.15711483983438657,0.3205491392460231,4589.0,hills,2280.0,8,61.0,397.0,163.0
2026,65,97.0,,,,0.8445378151260504,0.014005602240896359,0.06442577030812324,0.07703081232492998,0.0,0.0,714.0,one_day_races,667.0,5,122.0,0.0,
2026,94,34.0,80.0,1.87,22.877405702193368,0.3781140695267328,0.10200585337997002,0.020272681847383824,0.16268113355699906,0.055535727032621884,0.2813905346562924,14009.0,one_day_races,7970.0,15,22.0,405.0,159.0
2026,93,25.0,52.0,1.78,16.41206918318394,0.05568233683249658,0.3400273847558193,0.00045641259698767686,0.00730260155180283,0.45504335919671385,0.14148790506617984,2191.0,climber,976.0,6,134.0,367.0,175.0
2026,147,30.0,71.0,1.83,21.20099137030069,0.09393063583815028,0.24855491329479767,0.036127167630057806,0.15028901734104047,0.07514450867052024,0.3959537572254335,692.0,hills,63.0,3,1144.0,21.0,1184.0
2026,3,33.0,64.0,1.84,18.90359168241966,0.07190959936080356,0.33512156146558614,0.1793174295171784,0.026138568656546058,0.20579842483734734,0.18171441616253853,8761.0,gc,4378.0,14,46.0,468.0,124.0
2026,86,36.0,68.0,1.76,21.952479338842977,0.23962482981191063,0.18909787706116685,0.1817860924814684,0.035399122585850436,0.17195300287428772,0.1821390751853159,19831.0,one_day_races,11510.0,17,5.0,221.0,296.0
2026,7,35.0,71.0,1.82,21.434609346697258,0.26141180807274067,0.2791054862689685,0.09221601032131228,0.01916815137924679,0.1555569208085028,0.19254162314922899,16277.0,gc,10442.0,16,13.0,675.0,70.0
2026,212,24.0,,,,0.4889705882352941,0.011029411764705883,0.09375,0.29411764705882354,0.001838235294117647,0.11029411764705882,544.0,one_day_races,50.0,1,823.0,50.0,823.0
2026,213,24.0,73.0,1.84,21.561909262759922,0.2939670932358318,0.08007312614259597,0.019012797074954298,0.31188299817184645,0.016087751371115174,0.2789762340036563,2735.0,sprint,1400.0,5,53.0,766.0,53.0
2026,211,35.0,61.0,1.83,18.21493624772313,0.22690464386051892,0.2595438770451165,0.008263097008758883,0.008593620889109237,0.33225913072219465,0.16443563047430176,12102.0,climber,7121.0,15,40.0,235.0,275.0
2026,214,37.0,82.0,1.8,25.30864197530864,0.39786389990845283,0.07543484894720781,0.018126335062557217,0.28513884650595056,0.019285932255111382,0.20415013732072018,16385.0,one_day_races,11923.0,18,4.0,58.0,736.0
2026,217,30.0,78.0,1.9,21.606648199445985,0.2785793562708102,0.24528301886792453,0.0876803551609323,0.32408435072142067,0.008879023307436182,0.05549389567147614,901.0,sprint,558.0,10,479.0,54.0,779.0
2026,81,87.0,,,,0.11175271739130435,0.4849411231884058,0.286911231884058,0.0026041666666666665,0.11016757246376811,0.0036231884057971015,8832.0,gc,7795.0,14,13.0,0.0,
2026,131,,,,,0.44064613072877534,0.015151515151515152,0.014024542950162784,0.21111945905334334,0.03405960430753819,0.2849987478086652,7986.0,one_day_races,4938.0,7,7.0,867.0,41.0
2026,104,26.0,75.0,1.91,20.558646966914285,0.14377682403433475,0.2532188841201717,0.2145922746781116,0.33476394849785407,0.01072961373390558,0.04291845493562232,466.0,sprint,172.0,5,691.0,56.0,751.0
2026,64,29.0,68.0,1.76,21.952479338842977,0.27229166666666665,0.051666666666666666,0.006666666666666667,0.37125,0.025833333333333333,0.27229166666666665,4800.0,sprint,2089.0,10,75.0,640.0,75.0
2026,44,26.0,62.0,1.75,20.244897959183675,0.297504421300845,0.17076046374533307,0.10768323835724111,0.007860090391039498,0.30418549813322854,0.11200628807231283,5089.0,climber,2984.0,7,22.0,1207.0,22.0
2026,42,31.0,75.0,1.93,20.13476871862332,0.22765212708669896,0.11523963381798599,0.33521809369951533,0.0483306408185245,0.06785137318255251,0.20570813139472266,7428.0,time_trial,4092.0,10,19.0,178.0,347.0
2026,73,39.0,67.0,1.79,20.91070815517618,0.059276206322795344,0.34629783693843597,0.0920687742651137,0.036051026067665005,0.3401275651691625,0.1261785912368275,14424.0,gc,7631.0,19,33.0,407.0,157.0
2026,123,28.0,66.0,1.82,19.925129815239703,0.1306930693069307,0.3821782178217822,0.03415841584158416,0.008415841584158416,0.16732673267326734,0.27722772277227725,2020.0,gc,966.0,6,188.0,200.0,319.0
2026,78,22.0,73.0,1.83,21.798202394816204,0.20516962843295639,0.11954765751211632,0.14862681744749595,0.22294022617124395,0.10662358642972536,0.19709208400646203,619.0,sprint,179.0,3,385.0,158.0,385.0
2026,134,26.0,70.0,1.88,19.805341783612494,0.06974063400576369,0.2132564841498559,0.1314121037463977,0.011527377521613832,0.338328530259366,0.23573487031700288,1735.0,climber,724.0,7,147.0,424.0,147.0
2026,136,32.0,69.0,1.89,19.31636852271773,0.2554831061055127,0.24481327800829875,0.08150563129816242,0.07765263781861292,0.13426200355660936,0.20628334321280378,3374.0,one_day_races,1868.0,13,124.0,96.0,558.0
2026,138,36.0,72.0,1.82,21.736505252988767,0.3998545983278808,0.06506724827335514,0.002544529262086514,0.40760935417423966,0.01878104931540046,0.10614322064703745,8253.0,sprint,4495.0,15,28.0,130.0,458.0
2026,132,25.0,75.0,1.87,21.447567845806283,0.3980384143849612,0.15079689415610953,0.004495300367797303,0.12219043727012668,0.03841438496117695,0.28606456885982834,2447.0,one_day_races,1214.0,6,102.0,535.0,102.0
2026,168,39.0,,,,0.0,0.0,0.0,0.0,0.0,0.0,1.0,one_day_races,0.0,0,,0.0,
2026,188,31.0,74.0,1.87,21.161600274528865,0.3387376954255935,0.16560509554140126,0.03937463810075275,0.2460914881297047,0.0028951939779965257,0.20729588882455124,1727.0,one_day_races,956.0,9,305.0,173.0,357.0
2026,185,24.0,62.0,1.79,19.350207546580943,0.18991097922848665,0.271513353115727,0.1943620178041543,0.008902077151335312,0.12462908011869436,0.21068249258160238,674.0,gc,303.0,5,489.0,117.0,489.0
2026,184,24.0,64.0,1.76,20.66115702479339,0.20577231427044362,0.33137359700694813,0.10261892036344201,0.012827365045430252,0.16034206306787813,0.18706574024585784,1871.0,gc,896.0,5,202.0,312.0,202.0
2026,216,74.0,65.0,1.74,21.469150482230148,0.2836223745850526,0.11931871063816585,0.15636149287996773,0.34169950051189774,0.0685942977693668,0.030403623615549283,32233.0,sprint,22179.0,12,1.0,0.0,
2026,187,34.0,62.0,1.79,19.350207546580943,0.1807488727700451,0.21603607135855715,0.02391687904332484,0.05606743775730249,0.21270339149186435,0.3105273475789061,5101.0,hills,2508.0,13,129.0,132.0,447.0
2026,52,32.0,72.0,1.9,19.94459833795014,0.3773715551862623,0.13758482204680791,0.005885611411161889,0.060379448829801965,0.20454230715967317,0.21423625536629276,14442.0,one_day_races,8108.0,13,30.0,593.0,88.0
2026,175,34.0,68.0,1.88,19.23947487550928,0.06578625580826608,0.42626559060895086,0.15969674737099535,0.040107605771582296,0.1863536316947909,0.12179016874541453,4089.0,gc,2641.0,15,138.0,206.0,311.0
2026,178,27.0,75.0,1.84,22.152646502835537,0.2460757156048015,0.1258079409048938,0.11542012927054478,0.05863342566943675,0.0865650969529086,0.3674976915974146,4332.0,hills,2004.0,8,72.0,652.0,72.0
2026,148,31.0,55.0,1.7,19.031141868512112,0.11219512195121951,0.22439024390243903,0.11463414634146342,0.07804878048780488,0.26097560975609757,0.2097560975609756,820.0,climber,324.0,10,590.0,0.0,
2026,196,29.0,63.0,1.77,20.109164033323754,0.1525503041647169,0.3458118858212447,0.026360942130712838,0.0,0.3818437061300889,0.09343316175323663,6411.0,climber,3663.0,10,25.0,1142.0,25.0
2026,98,33.0,68.0,1.81,20.756387167668876,0.19245647969052224,0.28481624758220503,0.086073500967118,0.01644100580270793,0.2640232108317215,0.15618955512572533,2068.0,gc,1148.0,13,317.0,123.0,472.0
2026,6,27.0,85.0,1.93,22.819404547773097,0.4270666361346462,0.1405999542019693,0.13487520036638426,0.130753377604763,0.021525074421799864,0.14517975727043736,4367.0,one_day_races,2238.0,7,37.0,510.0,112.0
2026,13,32.0,72.0,1.9,19.94459833795014,0.03365129835718071,0.21674615792262852,0.5567037625861155,0.0013248542660307366,0.12162162162162163,0.06995230524642289,3774.0,time_trial,1560.0,10,172.0,376.0,172.0
2026,14,35.0,68.0,1.73,22.720438370810918,0.1094789356984479,0.1471729490022173,0.5037416851441242,0.043930155210643015,0.06873614190687362,0.12694013303769403,7216.0,time_trial,3691.0,13,121.0,237.0,273.0
2026,152,24.0,71.0,1.86,20.522603769221874,0.14779602420051857,0.11495246326707001,0.24200518582541056,0.2065687121866897,0.08643042350907519,0.20224719101123595,1157.0,time_trial,315.0,4,400.0,153.0,400.0
2026,176,34.0,68.0,1.81,20.756387167668876,0.24543610547667344,0.272911672505993,0.0272911672505993,0.08261110086667896,0.16134980638023233,0.21040014751982297,5423.0,gc,3142.0,13,120.0,251.0,257.0
2026,172,23.0,,,,0.0,0.0,0.0,0.0,0.0,0.0,1.0,one_day_races,0.0,0,,0.0,
2026,182,29.0,68.0,1.84,20.085066162570886,0.2533783783783784,0.27815315315315314,0.024774774774774775,0.0007507507507507507,0.3033033033033033,0.13963963963963963,2664.0,climber,1423.0,5,134.0,446.0,134.0
2026,186,,,,,0.0,1.0,0.0,0.0,0.0,0.0,4.0,gc,4.0,1,553.0,0.0,
2026,137,36.0,71.0,1.82,21.434609346697258,0.3958333333333333,0.1753472222222222,0.029513888888888888,0.2743055555555556,0.017361111111111112,0.1076388888888889,576.0,one_day_races,378.0,6,566.0,0.0,
2026,226,28.0,65.0,1.78,20.515086478979924,0.24306190911863373,0.09881061299176579,0.010978956999085087,0.08234217749313816,0.13845684659957305,0.4263494967978042,3279.0,hills,1385.0,9,135.0,157.0,390.0
2026,223,27.0,59.0,1.75,19.26530612244898,0.07556160653505786,0.48876786929884275,0.006126616746085773,0.01701837985023826,0.2518720217835262,0.16065350578624915,1469.0,gc,613.0,7,219.0,75.0,635.0
2026,204,29.0,62.0,1.7,21.453287197231838,0.3241215949467035,0.25700750098697195,0.005527043031977891,0.025266482431898933,0.1002763521515989,0.2878010264508488,2533.0,one_day_races,1334.0,6,92.0,578.0,92.0
2026,48,25.0,,,,0.12833333333333333,0.205,0.5066666666666667,0.05333333333333334,0.013333333333333334,0.09333333333333334,600.0,time_trial,227.0,5,474.0,55.0,763.0
2026,195,26.0,67.0,1.8,20.679012345679013,0.33647305075876505,0.09105180533751962,0.042909471480900054,0.13291470434327576,0.09105180533751962,0.30559916274201987,1911.0,one_day_races,813.0,7,185.0,345.0,185.0
2026,192,32.0,68.0,1.71,23.25501863821347,0.27631578947368424,0.021792763157894735,0.0008223684210526315,0.6441200657894737,0.0,0.05694901315789474,4864.0,sprint,2323.0,10,85.0,150.0,405.0
2026,125,27.0,1.76,,,0.1372867587327376,0.42242079610073113,0.025182778229082048,0.022745735174654752,0.255889520714866,0.1364744110479285,1231.0,gc,739.0,5,114.0,505.0,114.0
2026,163,122.0,72.0,,,0.030120481927710843,0.42168674698795183,0.0,0.0,0.5481927710843374,0.0,166.0,climber,146.0,1,91.0,0.0,
2026,122,31.0,78.0,1.83,23.291229956104985,0.481859410430839,0.08465608465608465,0.0041572184429327285,0.136432350718065,0.05366591080876795,0.23922902494331066,2646.0,one_day_races,1489.0,10,72.0,582.0,91.0
2026,124,33.0,68.0,1.84,20.085066162570886,0.1693717016827641,0.14866075873742907,0.08214676889375684,0.19237279697301604,0.12227422085034352,0.2851737528626904,10043.0,hills,5667.0,14,51.0,482.0,120.0
2026,135,27.0,77.0,1.87,22.019502988361115,0.5240449438202247,0.07595505617977528,0.0301123595505618,0.05303370786516854,0.03146067415730337,0.2853932584269663,2225.0,one_day_races,1328.0,7,84.0,144.0,420.0
2026,75,32.0,71.0,1.86,20.522603769221874,0.2856386732533521,0.20871559633027523,0.031051517290049402,0.06457304163726182,0.14502470007057164,0.26499647141848975,11336.0,one_day_races,6995.0,13,12.0,292.0,219.0
2026,106,31.0,71.0,1.78,22.408786769347305,0.29797979797979796,0.12222222222222222,0.00909090909090909,0.2782828282828283,0.044444444444444446,0.24797979797979797,1980.0,one_day_races,975.0,10,300.0,162.0,376.0
2026,126,31.0,1.86,,,0.31149193548387094,0.18951612903225806,0.029233870967741934,0.17943548387096775,0.02217741935483871,0.26814516129032256,992.0,one_day_races,523.0,11,400.0,53.0,790.0
2026,57,29.0,63.0,1.74,20.808561236623067,0.14316892186817984,0.3548668703622872,0.013967699694456569,0.006547359231776516,0.3413356612832824,0.14011348756001746,2291.0,gc,1354.0,8,56.0,753.0,56.0
2026,207,32.0,70.0,1.78,22.093170054286073,0.43121405254158246,0.1311985076946992,0.02969065754702316,0.172547800404166,0.0345095600808332,0.20083942173169594,6433.0,one_day_races,3782.0,12,74.0,338.0,189.0
2026,221,37.0,,,,0.0,0.10784313725490197,0.8137254901960784,0.0,0.0784313725490196,0.0,102.0,time_trial,20.0,2,1504.0,0.0,
2026,22,36.0,67.0,1.84,19.78969754253308,0.1141732283464567,0.23228346456692914,0.3328958880139983,0.02857976086322543,0.18285214348206474,0.10921551472732575,6858.0,time_trial,3287.0,16,51.0,182.0,344.0
2026,26,36.0,67.0,1.73,22.386314277122523,0.20151850680164504,0.1420436570705473,0.29357798165137616,0.13255298956026573,0.09712116418854792,0.13318570072761785,6322.0,time_trial,3022.0,17,90.0,57.0,741.0
2026,158,29.0,70.0,1.81,21.36686914318855,0.34380875637926406,0.20225624496373892,0.0,0.016921837228041903,0.20601665323663712,0.230996508192318,3723.0,one_day_races,1983.0,8,106.0,254.0,252.0
2026,154,25.0,67.0,1.85,19.576333089846603,0.0970873786407767,0.3611650485436893,0.007766990291262136,0.05048543689320388,0.2504854368932039,0.23300970873786409,515.0,gc,193.0,3,503.0,74.0,643.0
2026,155,26.0,74.0,1.88,20.937075599818925,0.26489226869455007,0.3358681875792142,0.0038022813688212928,0.06337135614702155,0.07858048162230671,0.2534854245880862,789.0,gc,292.0,5,383.0,58.0,739.0
2026,157,26.0,73.0,1.82,22.03840115928028,0.15723270440251572,0.18238993710691823,0.14779874213836477,0.12264150943396226,0.10062893081761007,0.2893081761006289,318.0,hills,59.0,3,1044.0,30.0,1044.0
2026,151,24.0,78.0,1.82,23.54788069073783,0.4952815829528158,0.06605783866057839,0.00010147133434804668,0.20801623541349568,0.019482496194824964,0.21106037544393708,9855.0,one_day_races,6126.0,5,10.0,1615.0,10.0
2026,164,31.0,78.0,1.84,23.03875236294896,0.4898336414048059,0.09149722735674677,0.01725200246457178,0.14695009242144177,0.035736290819470114,0.21873074553296365,3246.0,one_day_races,1850.0,11,153.0,323.0,195.0
2026,167,25.0,71.0,1.85,20.74506939371804,0.361028684470821,0.09495548961424333,0.0380811078140455,0.1503461918892186,0.026211671612265085,0.3293768545994065,2022.0,one_day_races,1057.0,6,164.0,166.0,368.0
2026,55,25.0,72.0,1.84,21.266540642722116,0.24928478543563068,0.09258777633289987,0.013263979193758128,0.47139141742522755,0.011443433029908972,0.16202860858257478,7690.0,sprint,5029.0,6,15.0,1161.0,24.0
2026,54,27.0,84.0,1.98,21.4263850627487,0.15743138270326257,0.09684101501812532,0.6390471258415329,0.03003625064733299,0.008285862247540134,0.0683583635422061,1931.0,time_trial,799.0,8,208.0,307.0,208.0
2026,227,28.0,75.0,1.9,20.775623268698062,0.046132008516678494,0.3633782824698368,0.3066004258339248,0.0397444996451384,0.13058907026259758,0.11355571327182398,1409.0,gc,738.0,8,264.0,74.0,641.0
2026,76,28.0,74.0,1.79,23.095409007209515,0.12895927601809956,0.12839366515837103,0.038461538461538464,0.13687782805429866,0.19400452488687783,0.3733031674208145,1768.0,hills,489.0,6,574.0,70.0,657.0
2026,128,33.0,62.0,1.72,20.9572742022715,0.0,0.0,0.0,0.0,0.0,0.0,1.0,one_day_races,0.0,0,,0.0,
2026,36,35.0,72.0,1.81,21.97735111870822,0.3789317873442704,0.13667201184161837,0.04897002590354015,0.07968422351054644,0.1897125940545208,0.1660293573455039,8107.0,one_day_races,4793.0,16,45.0,547.0,98.0
2026,173,32.0,67.0,1.85,19.576333089846603,0.12849162011173185,0.35887204043628623,0.08459696727853153,0.0446927374301676,0.30274009044958766,0.08060654429369513,3759.0,gc,1942.0,10,192.0,264.0,243.0
2026,38,68.0,,,,0.0,1.0,0.0,0.0,0.0,0.0,31.0,gc,66.0,2,384.0,0.0,
2026,33,31.0,76.0,1.8,23.456790123456788,0.3060030165912519,0.10720965309200603,0.11638009049773755,0.19457013574660634,0.034389140271493215,0.24144796380090497,16575.0,one_day_races,10513.0,12,5.0,2233.0,5.0
2026,15,23.0,78.0,1.86,22.54595907041276,0.3683360258481422,0.2094776521270867,0.061389337641357025,0.13893376413570274,0.03446418955304254,0.18739903069466882,1857.0,one_day_races,846.0,4,171.0,112.0,503.0
2026,12,30.0,85.0,1.9,23.545706371191137,0.05585358157147365,0.09908488482171032,0.7267276743452193,0.06942253076680341,0.004733354370463868,0.044177974124329444,3169.0,time_trial,1663.0,10,176.0,178.0,348.0
2026,34,25.0,73.0,1.85,21.32943754565376,0.26777847702957835,0.1617369414726243,0.01195720578980491,0.02737570799244808,0.23851478917558214,0.29263687853996223,3178.0,hills,1601.0,6,111.0,512.0,111.0
2026,92,29.0,72.0,1.85,21.0372534696859,0.2794759825327511,0.2076220722508932,0.09210003969829297,0.11194918618499404,0.08098451766574037,0.2278682016673283,2519.0,one_day_races,1482.0,10,185.0,179.0,346.0
2026,5,32.0,80.0,1.92,21.70138888888889,0.33846369105918567,0.15293129984608927,0.19644606128445502,0.08311179515880789,0.021827340142717224,0.20721981250874494,7147.0,one_day_races,3897.0,12,68.0,117.0,488.0
2026,8,34.0,58.0,1.73,19.37919743392696,0.12834946036471903,0.34438965388909565,0.06187197618161518,0.006047636769631559,0.360160029772981,0.09918124302195758,21496.0,climber,12728.0,13,8.0,846.0,43.0
2026,177,28.0,79.0,1.91,21.655108138483047,0.31855575868372943,0.23811700182815357,0.12842778793418647,0.0712979890310786,0.031078610603290677,0.21252285191956125,2188.0,one_day_races,1206.0,8,185.0,208.0,308.0
2026,225,55.0,60.0,1.78,18.93700290367378,0.05210282675071407,0.43455136412882894,0.09977346597064907,0.0010834236186348862,0.3671821136609869,0.04530680587018615,10153.0,gc,6266.0,14,33.0,0.0,
2026,53,31.0,83.0,1.94,22.053353172494422,0.23110200364298725,0.13479052823315119,0.07194899817850638,0.34153005464480873,0.008879781420765027,0.21174863387978143,4392.0,sprint,2406.0,10,103.0,242.0,265.0
2026,165,25.0,70.0,1.82,21.132713440405748,0.4051863857374392,0.029821717990275526,0.004862236628849271,0.3993517017828201,0.015559157212317666,0.14521880064829823,3085.0,one_day_races,1453.0,5,73.0,645.0,73.0
2026,111,42.0,,,,0.0,0.0,0.7333333333333333,0.0,0.26666666666666666,0.0,15.0,time_trial,2.0,1,2264.0,0.0,
2026,116,33.0,,,,0.07329842931937172,0.0,0.9267015706806283,0.0,0.0,0.0,191.0,time_trial,66.0,5,174.0,0.0,
2026,114,26.0,68.0,1.8,20.98765432098765,0.3009764503159104,0.22228604250430786,0.0034462952326249283,0.0068925904652498565,0.17690982194141297,0.28948879954049395,1741.0,one_day_races,950.0,6,138.0,283.0,226.0
2026,203,26.0,,,,0.21327967806841047,0.36519114688128773,0.04426559356136821,0.03621730382293763,0.15995975855130784,0.18108651911468812,994.0,gc,556.0,5,199.0,314.0,199.0
2026,118,27.0,70.0,1.87,20.0177299894192,0.22045454545454546,0.21282467532467533,0.13506493506493505,0.000974025974025974,0.20811688311688312,0.22256493506493508,6160.0,hills,2570.0,7,65.0,698.0,65.0
2026,74,36.0,83.0,1.94,22.053353172494422,0.121256038647343,0.2985507246376812,0.3473429951690821,0.2111111111111111,0.003864734299516908,0.017874396135265702,2070.0,time_trial,1052.0,14,204.0,70.0,661.0
2026,72,32.0,75.0,1.84,22.152646502835537,0.16962025316455695,0.04604430379746836,0.00015822784810126583,0.5123417721518987,0.0,0.2718354430379747,6320.0,sprint,3684.0,13,99.0,395.0,164.0
2026,63,36.0,71.0,1.81,21.672110130948383,0.15155310621242485,0.23997995991983967,0.1625751503006012,0.17334669338677355,0.04183366733466934,0.23071142284569138,3992.0,gc,2114.0,15,79.0,629.0,79.0
2026,66,34.0,73.0,1.84,21.561909262759922,0.32289628180039137,0.18456457925636008,0.04134050880626223,0.2266389432485323,0.025684931506849314,0.1988747553816047,8176.0,one_day_races,4916.0,14,23.0,515.0,108.0
2026,62,32.0,71.0,1.83,21.20099137030069,0.3528846153846154,0.05576923076923077,0.025576923076923077,0.18615384615384614,0.05307692307692308,0.32653846153846156,5200.0,one_day_races,2975.0,12,101.0,408.0,156.0
2026,96,34.0,83.0,1.9,22.991689750692522,0.49514563106796117,0.07928802588996764,0.019417475728155338,0.34951456310679613,0.0,0.05663430420711974,2472.0,one_day_races,1542.0,14,174.0,45.0,857.0
2026,91,34.0,76.0,1.88,21.50294250792214,0.3895150273224044,0.012295081967213115,0.00025614754098360657,0.5428620218579235,0.00034153005464480874,0.0547301912568306,11712.0,sprint,7124.0,13,10.0,1275.0,17.0
2026,112,32.0,78.0,1.8,24.074074074074073,0.3526474467684191,0.03580177124552478,0.006406632749199171,0.39918974938760127,0.012624835123421895,0.1933295647258338,10614.0,sprint,7012.0,13,7.0,226.0,289.0
2026,113,35.0,78.0,1.87,22.305470559638533,0.1654010001852195,0.2502315243563623,0.44545286164104464,0.052602333765512134,0.018892387479162807,0.06741989257269865,5399.0,time_trial,3601.0,16,63.0,55.0,760.0
2026,205,29.0,71.0,1.85,20.74506939371804,0.037645811240721104,0.271474019088017,0.573170731707317,0.014846235418875928,0.024390243902439025,0.0784729586426299,1886.0,time_trial,773.0,8,344.0,134.0,441.0
2026,68,53.0,68.0,1.77,21.705129432793896,0.14492200543815292,0.278156752373229,0.24796069264895293,0.016982302151409626,0.24891475456757142,0.06306349282068406,20963.0,gc,13840.0,16,4.0,0.0,
2026,197,37.0,74.0,1.79,23.095409007209515,0.36975415942388873,0.06543332505587286,0.020735038490191208,0.19878321331015644,0.06766823938415695,0.2776260243357338,16108.0,one_day_races,9769.0,16,12.0,512.0,110.0
2026,193,35.0,72.0,1.78,22.724403484408533,0.3990204552002305,0.2149236531259003,0.040046096225871505,0.14376260443676175,0.025352924229328725,0.17689426678190723,3471.0,one_day_races,2451.0,15,177.0,209.0,307.0
2026,105,28.0,75.0,1.76,24.212293388429753,0.36641358283015485,0.04776708315896455,0.009266455431338555,0.4051533448914928,0.012195851019310098,0.15920368266873916,16727.0,sprint,10645.0,9,3.0,1248.0,20.0
2026,103,36.0,75.0,1.83,22.395413419331717,0.30203592814371255,0.24,0.1259880239520958,0.1341317365269461,0.07089820359281437,0.12694610778443113,4175.0,one_day_races,2879.0,16,78.0,55.0,769.0
2026,107,32.0,88.0,1.9,24.37673130193906,0.42355889724310775,0.12431077694235589,0.06416040100250626,0.33784461152882206,0.005012531328320802,0.045112781954887216,1995.0,one_day_races,1131.0,12,163.0,82.0,605.0
2026,47,34.0,71.0,1.79,22.15910864205237,0.3659231134314191,0.14570479354532512,0.05374940673943996,0.04224015187470337,0.15080683436165163,0.24157570004746085,8428.0,one_day_races,4653.0,14,29.0,119.0,479.0
2026,23,32.0,71.0,1.83,21.20099137030069,0.19484576337368215,0.17102694260054666,0.12846544318625536,0.1065989847715736,0.1280749707145646,0.2709878953533776,2561.0,hills,1465.0,11,195.0,241.0,266.0
2026,27,26.0,74.0,1.89,20.71610537219003,0.30359028511087643,0.07866948257655755,0.18848996832101372,0.16631467793030624,0.048574445617740235,0.21436114044350582,1894.0,one_day_races,668.0,6,249.0,135.0,438.0
2026,162,31.0,70.0,1.81,21.36686914318855,0.4720861900097943,0.047992164544564155,0.045706823375775384,0.2696702579170748,0.006203068886712374,0.15834149526607902,3063.0,one_day_races,1744.0,10,126.0,136.0,435.0
2026,67,31.0,59.0,1.7,20.41522491349481,0.37242941791565004,0.09724642732659464,0.00958522133147438,0.03590101080515859,0.19379574764726384,0.2910421749738585,5738.0,one_day_races,2999.0,12,57.0,752.0,57.0
